Pardavėjas,Produktas,Svoris,Kaina
Prieskonių namai,Prieskonių mišinys „ŠIUPININĖ“,60,2.00
Prieskonių namai, HABANERINIAI APELSINAI,20,2.00
Prieskonių namai,APELSININIAI PIPIRAI,60,2.00
Prieskonių namai,Argentinietiškas prieskonių mišinys CHIMI-CHURRI,70,2.00
Prieskonių namai,Avienos prieskoniai,40,2.00
Prieskonių namai,Azijietiški paukštienos prieskoniai,70,2.00
Prieskonių namai,Aštrūs mėsos prieskoniai,60,2.00
Prieskonių namai,Bajoriški bulvių prieskoniai,70,2.00
Prieskonių namai,Bajoriški paukštienos prieskoniai,70,2.00
Prieskonių namai,Bajoriški troškinių prieskoniai,70,2.00
Prieskonių namai,Ceilono cinamonas  lazdelėmis,20,2.00
Prieskonių namai,Ceilono cinamonas (maltas),50,2.00
Prieskonių namai,Ciberžolės,100,1.95
Prieskonių namai,CITRININIAI PIPIRAI EKSTRA,60,2.00
Prieskonių namai,CITRININIAI ŽUVŲ PRIESKONIAI,60,2.00
Prieskonių namai,Dvarų prieskoniai,60,2.00
Prieskonių namai,Gvazdikėliai (malti),30,2.00
Prieskonių namai,Habanero pipirai (ypač aštrūs),15,2.50
Prieskonių namai,HIMALAJŲ DRUSKA  (smulki),500,2.00
Prieskonių namai,Imbieras (maltas) ,70,1.95
Prieskonių namai,Ispaninis šalavijas (CHIA sėklos) ,500,5.00
Prieskonių namai,JUODGRŪDĖS SĖKLOS (JUODIEJI INDIŠKI KMYNAI)  (lot. Nigella Sativa),70,2.00
Prieskonių namai,Juodieji pipirai,70,1.80
Prieskonių namai,Juodieji pipirai (malti),90,1.50
Prieskonių namai,Kajeno pipirai (uoginės paprikos) maltos,50,2.00
Prieskonių namai,Kakava 20-22 % riebumas,70,2.00
Prieskonių namai,Kalakutienos prieskoniai,70,2.00
Prieskonių namai,Kanapių sėklos,100,1.95
Prieskonių namai,Kardamonas (maltas),30,2.00
Prieskonių namai,KARIS,70,2.00
Prieskonių namai,Kaukazietiški šašlykų prieskoniai,70,2.00
Prieskonių namai,Kmynai,100,1.50
Prieskonių namai,Kvapieji pipirai,50,2.00
Prieskonių namai,Lukštentos kanapių sėklos,50,2.00
Prieskonių namai,Maltos mėsos prieskoniai,70,2.00
Prieskonių namai,Meškinis česnakas ,20,2.00
Prieskonių namai,Muskatas (maltas),50,2.00
Prieskonių namai,Muskato riešutai,15,2.30
Prieskonių namai,Pankolio sėklos,70,1.95
Prieskonių namai,Paukštienos prieskoniai „VIŠČIUKAS TABAKA“,70,2.00
Prieskonių namai,Paukštienos prieskoniai „ČIKI“,70,2.00
Prieskonių namai,Peletrūnai,20,2.00
Prieskonių namai,Penkių pipirų mišinys (grūstas),60,2.00
Prieskonių namai,Portugališkas BBQ prieskonių mišinys „CHURRASCO“,70,2.00
Prieskonių namai,Premium kepsnių prieskoniai,70,2.00
Prieskonių namai,Premium makaronų prieskoniai,70,2.00
Prieskonių namai,Premium žuvų prieskoniai,70,2.00
Prieskonių namai,Prieskoniai  KOTLETAMS,70,2.00
Prieskonių namai,Prieskoniai SILKĖS/SKUMBRĖS  MARINAVIMUI,50,2.00
Prieskonių namai,Prieskoninių žolelių mišinys  su kajeno pipirais,50,2.00
Prieskonių namai,Prieskoninės žolelės šašlykams,50,2.00
Prieskonių namai,"Prieskonių mišinys  ""BARAVYKAS""",50,2.00
Prieskonių namai,Prieskonių mišinys  MĖSOS PATIEKALAMS,60,2.00
Prieskonių namai,Prieskonių mišinys  POMIDORIUKAS,50,2.00
Prieskonių namai,Prieskonių mišinys  VOVERAITĖ,60,2.00
Prieskonių namai,"Prieskonių mišinys  „ALYVUOGĖ"" ",70,2.00
Prieskonių namai,Prieskonių mišinys  „PERSILADAS“,60,2.00
Prieskonių namai,"Prieskonių mišinys  „SVIESTELIS""",70,2.00
Prieskonių namai,Prieskonių mišinys HAWAIIAN GRILL,60,2.00
Prieskonių namai,Prieskonių mišinys KAVAI,50,2.00
Prieskonių namai,Prieskonių mišinys MALTINUKAMS,80,1.95
Prieskonių namai,Prieskonių mišinys MANGŲ KARIS,70,2.00
Prieskonių namai,Prieskonių mišinys OMLETAMS,70,2.00
Prieskonių namai,Prieskonių mišinys PICAI,60,2.00
Prieskonių namai,Prieskonių mišinys RYŽIAMS/PAELJAI,60,2.00
Prieskonių namai,Prieskonių mišinys SRIUBOMS IR KOŠĖMS,50,2.00
Prieskonių namai,Prieskonių mišinys TACO,80,2.00
Prieskonių namai,Prieskonių mišinys VIRTUVĖS KARALIUS (RAS EL HAMOUT),70,2.00
Prieskonių namai,Prieskonių mišinys ČIPOLINAS,50,2.00
Prieskonių namai,Prieskonių mišinys ŠONKAULIUKAMS,60,2.00
Prieskonių namai,Prieskonių mišinys ŽUVIS LENKIŠKAI,70,2.00
Prieskonių namai,Prieskonių mišinys ŽUVŲ RŪKYMUI,60,2.00
Prieskonių namai,Prieskonių mišinys „BRUSCHETTA“,60,2.00
Prieskonių namai,Prieskonių mišinys „CHMELI-SUNELLI“,60,2.00
Prieskonių namai,Prieskonių mišinys „FIESTA DEL TOMATE“,60,2.00
Prieskonių namai,"Prieskonių mišinys „GRACIJA""",70,2.00
Prieskonių namai,Prieskonių mišinys „KANZASAS” ,80,2.00
Prieskonių namai,Prieskonių mišinys „MADRIDAS“,70,1.95
Prieskonių namai,Prieskonių mišinys „Plovui“,70,2.00
Prieskonių namai,Prieskonių mišinys „ROSSO BRUSCHETTA“,60,2.00
Prieskonių namai,Prieskonių mišinys „TUNISIETIŠKA HARISSA“,60,2.00
Prieskonių namai,Prieskonių mišinys „TZADZIKI“,60,2.00
Prieskonių namai,Prieskonių mišinys „VENGRIŠKAS GULIAŠAS“,60,2.00
Prieskonių namai,Prieskonių mišinys „ŽALČIO ČESNAKAS“,50,2.00
Prieskonių namai,Provanso žolelės,40,2.00
Prieskonių namai,Raugerškio uogos (barbarisai),30,2.00
Prieskonių namai,Rūkytos  raudonos saldžiosios paprikos,50,2.00
Prieskonių namai,Senolių bulvių prieskoniai,70,2.00
Prieskonių namai,Senolių kiaulienos prieskoniai,70,2.00
Prieskonių namai,STEVIJOS LAPELIAI,20,2.20
Prieskonių namai,Svogūniniai prieskoniai DECOR,50,2.00
Prieskonių namai,Tikrojo margainio sėklos,100,1.95
Prieskonių namai,TONKA PUPELĖS,8,2.50
Prieskonių namai,VIDURINĖS AZIJOS PLOVO PRIESKONIAI ,60,2.00
Prieskonių namai,Viduržemio jūros prieskoniai,60,2.00
Prieskonių namai,Česnakiniai paukštienos  prieskoniai DECOR,70,2.00
Prieskonių namai,Česnakiniai prieskoniai DECOR,60,2.00
Prieskonių namai,Špinatai,20,2.00
Prieskonių namai,Švelnieji paukštienos prieskoniai,70,2.00
Prieskonių namai,ŽALIASIS KARIS,60,2.00
Prieskonių namai,"Žuvų prieskoniai „RYTAI""",60,2.00
Prieskonių namai,KAUKAZIETIŠKOS ŽOLELĖS,40,2.00
Prieskonių namai,KORĖJIETIŠKŲ MORKŲ PRIESKONIAI,70,2.00
Prieskonių namai,MIGDOLŲ MILTAI,250,3.50
Prieskonių namai,"Prieskonių mišinys  mėsos troškinimui  ""ŠITAKE""",40,2.00
Prieskonių namai,Prieskonių mišinys „OMANAS“,70,2.00
Prieskonių namai,Prieskonių mišinys „STEIKAS“,70,2.00
Prieskonių namai,Salotų prieskoniai,50,2.00
